date,ticker,headline
2024-04-02,AAPL,Apple unveils new AI features ahead of developer conference
2024-04-02,MSFT,Microsoft reports stronger cloud demand from enterprise clients
2024-04-03,AMZN,Amazon expands same-day delivery to additional US cities
2024-04-05,GOOGL,Alphabet receives positive analyst notes on ad recovery
2024-04-05,META,Meta outlines investment plans in AI infrastructure
2024-04-10,AAPL,iPhone demand steady despite macro headwinds analysts say
2024-04-12,MSFT,Microsoft announces partnership to integrate AI copilots
2024-04-15,AMZN,Prime Day rumors boost retail sentiment
2024-04-17,GOOGL,YouTube creators see improving monetization environment
2024-04-19,META,Reels engagement trends higher according to internal data
